Day,Old Testament,New Testament
1,"Genesis 1-3","Matthew 1"
2,"Genesis 4-6","Matthew 2"
3,"Genesis 7-9","Matthew 3"
4,"Genesis 10-12","Matthew 4"
5,"Genesis 13-15","Matthew 5"
6,"Genesis 16-18","Matthew 6"
7,"Genesis 19-21","Matthew 7"
8,"Genesis 22-24","Matthew 8"
9,"Genesis 25-27","Matthew 9"
10,"Genesis 28-30","Matthew 10"
11,"Genesis 31-33","Matthew 11"
12,"Genesis 34-36","Matthew 12"
13,"Genesis 37-39","Matthew 13"
14,"Genesis 40-42","Matthew 14"
15,"Genesis 43-45","Matthew 15"
16,"Genesis 46-48","Matthew 16"
17,"Genesis 49 - Exodus 1","Matthew 17"
18,"Exodus 2-4","Matthew 18"
19,"Exodus 5-7","Matthew 19"
20,"Exodus 8-10","Matthew 20"
21,"Exodus 11-13","Matthew 21"
22,"Exodus 14-16","Matthew 22"
23,"Exodus 17-19","Matthew 23"
24,"Exodus 20-22","Matthew 24"
25,"Exodus 23-25","Matthew 25"
26,"Exodus 26-28","Matthew 26"
27,"Exodus 29-31","Matthew 27"
28,"Exodus 32-34","Matthew 28"
29,"Exodus 35-37","Mark 1"
30,"Exodus 38-40","Mark 2"
31,"Leviticus 1-3","Mark 3"
32,"Leviticus 4-6","Mark 4"
33,"Leviticus 7-9","Mark 5"
34,"Leviticus 10-12","Mark 6"
35,"Leviticus 13-15","Mark 7"
36,"Leviticus 16-18","Mark 8"
37,"Leviticus 19-21","Mark 9"
38,"Leviticus 22-24","Mark 10"
39,"Leviticus 25-27","Mark 11"
40,"Numbers 1-3","Mark 12"
41,"Numbers 4-6","Mark 13"
42,"Numbers 7-9","Mark 14"
43,"Numbers 10-12","Mark 15"
44,"Numbers 13-15","Mark 16"
45,"Numbers 16-18","Luke 1"
46,"Numbers 19-21","Luke 2"
47,"Numbers 22-24","Luke 3"
48,"Numbers 25-27","Luke 4"
49,"Numbers 28-30","Luke 5"
50,"Numbers 31-33","Luke 6"
51,"Numbers 34-36","Luke 7"
52,"Deuteronomy 1-3","Luke 8"
53,"Deuteronomy 4-6","Luke 9"
54,"Deuteronomy 7-9","Luke 10"
55,"Deuteronomy 10-12","Luke 11"
56,"Deuteronomy 13-15","Luke 12"
57,"Deuteronomy 16-18","Luke 13"
58,"Deuteronomy 19-21","Luke 14"
59,"Deuteronomy 22-24","Luke 15"
60,"Deuteronomy 25-27","Luke 16"
61,"Deuteronomy 28-30","Luke 17"
62,"Deuteronomy 31-33","Luke 18"
63,"Deuteronomy 34 - Joshua 2","Luke 19"
64,"Joshua 3-5","Luke 20"
65,"Joshua 6-8","Luke 21"
66,"Joshua 9-11","Luke 22"
67,"Joshua 12-14","Luke 23"
68,"Joshua 15-17","Luke 24"
69,"Joshua 18-20","John 1"
70,"Joshua 21-23","John 2"
71,"Joshua 24 - Judges 2","John 3"
72,"Judges 3-5","John 4"
73,"Judges 6-8","John 5"
74,"Judges 9-11","John 6"
75,"Judges 12-14","John 7"
76,"Judges 15-17","John 8"
77,"Judges 18-20","John 9"
78,"Judges 21 - Ruth 2","John 10"
79,"Ruth 3 - 1 Samuel 1","John 11"
80,"1 Samuel 2-4","John 12"
81,"1 Samuel 5-7","John 13"
82,"1 Samuel 8-10","John 14"
83,"1 Samuel 11-13","John 15"
84,"1 Samuel 14-16","John 16"
85,"1 Samuel 17-19","John 17"
86,"1 Samuel 20-22","John 18"
87,"1 Samuel 23-25","John 19"
88,"1 Samuel 26-28","John 20"
89,"1 Samuel 29-31","John 21"
90,"2 Samuel 1-3","Acts 1"
91,"2 Samuel 4-6","Acts 2"
92,"2 Samuel 7-9","Acts 3"
93,"2 Samuel 10-12","Acts 4"
94,"2 Samuel 13-15","Acts 5"
95,"2 Samuel 16-18","Acts 6"
96,"2 Samuel 19-21","Acts 7"
97,"2 Samuel 22-24","Acts 8"
98,"1 Kings 1-3","Acts 9"
99,"1 Kings 4-6","Acts 10"
100,"1 Kings 7-9","Acts 11"
101,"1 Kings 10-12","Acts 12"
102,"1 Kings 13-15","Acts 13"
103,"1 Kings 16-18","Acts 14"
104,"1 Kings 19-21","Acts 15"
105,"1 Kings 22 - 2 Kings 2","Acts 16"
106,"2 Kings 3-5","Acts 17"
107,"2 Kings 6-8","Acts 18"
108,"2 Kings 9-11","Acts 19"
109,"2 Kings 12-14","Acts 20"
110,"2 Kings 15-17","Acts 21"
111,"2 Kings 18-20","Acts 22"
112,"2 Kings 21-23","Acts 23"
113,"2 Kings 24 - 1 Chronicles 1","Acts 24"
114,"1 Chronicles 2-4","Acts 25"
115,"1 Chronicles 5-7","Acts 26"
116,"1 Chronicles 8-10","Acts 27"
117,"1 Chronicles 11-13","Acts 28"
118,"1 Chronicles 14-16","Romans 1"
119,"1 Chronicles 17-19","Romans 2"
120,"1 Chronicles 20-22","Romans 3"
121,"1 Chronicles 23-25","Romans 4"
122,"1 Chronicles 26-28","Romans 5"
123,"1 Chronicles 29 - 2 Chronicles 2","Romans 6"
124,"2 Chronicles 3-5","Romans 7"
125,"2 Chronicles 6-8","Romans 8"
126,"2 Chronicles 9-11","Romans 9"
127,"2 Chronicles 12-14","Romans 10"
128,"2 Chronicles 15-17","Romans 11"
129,"2 Chronicles 18-20","Romans 12"
130,"2 Chronicles 21-23","Romans 13"
131,"2 Chronicles 24-26","Romans 14"
132,"2 Chronicles 27-29","Romans 15"
133,"2 Chronicles 30-32","Romans 16"
134,"2 Chronicles 33-35","1 Corinthians 1"
135,"2 Chronicles 36 - Ezra 2","1 Corinthians 2"
136,"Ezra 3-5","1 Corinthians 3"
137,"Ezra 6-8","1 Corinthians 4"
138,"Ezra 9 - Nehemiah 1","1 Corinthians 5"
139,"Nehemiah 2-4","1 Corinthians 6"
140,"Nehemiah 5-7","1 Corinthians 7"
141,"Nehemiah 8-10","1 Corinthians 8"
142,"Nehemiah 11-13","1 Corinthians 9"
143,"Esther 1-3","1 Corinthians 10"
144,"Esther 4-6","1 Corinthians 11"
145,"Esther 7-9","1 Corinthians 12"
146,"Esther 10 - Job 2","1 Corinthians 13"
147,"Job 3-5","1 Corinthians 14"
148,"Job 6-8","1 Corinthians 15"
149,"Job 9-11","1 Corinthians 16"
150,"Job 12-14","2 Corinthians 1"
151,"Job 15-17","2 Corinthians 2"
152,"Job 18-20","2 Corinthians 3"
153,"Job 21-23","2 Corinthians 4"
154,"Job 24-26","2 Corinthians 5"
155,"Job 27-29","2 Corinthians 6"
156,"Job 30-32","2 Corinthians 7"
157,"Job 33-35","2 Corinthians 8"
158,"Job 36-38","2 Corinthians 9"
159,"Job 39-41","2 Corinthians 10"
160,"Job 42 - Psalms 2","2 Corinthians 11"
161,"Psalms 3-5","2 Corinthians 12"
162,"Psalms 6-8","2 Corinthians 13"
163,"Psalms 9-11","Galatians 1"
164,"Psalms 12-14","Galatians 2"
165,"Psalms 15-17","Galatians 3"
166,"Psalms 18-20","Galatians 4"
167,"Psalms 21-23","Galatians 5"
168,"Psalms 24-26","Galatians 6"
169,"Psalms 27-29","Ephesians 1"
170,"Psalms 30-32","Ephesians 2"
171,"Psalms 33-35","Ephesians 3"
172,"Psalms 36-38","Ephesians 4"
173,"Psalms 39-41","Ephesians 5"
174,"Psalms 42-44","Ephesians 6"
175,"Psalms 45-47","Philippians 1"
176,"Psalms 48-50","Philippians 2"
177,"Psalms 51-53","Philippians 3"
178,"Psalms 54-56","Philippians 4"
179,"Psalms 57-59","Colossians 1"
180,"Psalms 60-62","Colossians 2"
181,"Psalms 63-65","Colossians 3"
182,"Psalms 66-68","Colossians 4"
183,"Psalms 69-71","1 Thessalonians 1"
184,"Psalms 72-74","1 Thessalonians 2"
185,"Psalms 75-77","1 Thessalonians 3"
186,"Psalms 78-80","1 Thessalonians 4"
187,"Psalms 81-83","1 Thessalonians 5"
188,"Psalms 84-86","2 Thessalonians 1"
189,"Psalms 87-89","2 Thessalonians 2"
190,"Psalms 90-92","2 Thessalonians 3"
191,"Psalms 93-95","1 Timothy 1"
192,"Psalms 96-98","1 Timothy 2"
193,"Psalms 99-101","1 Timothy 3"
194,"Psalms 102-104","1 Timothy 4"
195,"Psalms 105-107","1 Timothy 5"
196,"Psalms 108-110","1 Timothy 6"
197,"Psalms 111-113","2 Timothy 1"
198,"Psalms 114-116","2 Timothy 2"
199,"Psalms 117-119","2 Timothy 3"
200,"Psalms 120-121","2 Timothy 4"
201,"Psalms 122-123","Titus 1"
202,"Psalms 124-125","Titus 2"
203,"Psalms 126-127","Titus 3"
204,"Psalms 128-129","Philemon 1"
205,"Psalms 130-131","Hebrews 1"
206,"Psalms 132-133","Hebrews 2"
207,"Psalms 134-135","Hebrews 3"
208,"Psalms 136-137","Hebrews 4"
209,"Psalms 138-139","Hebrews 5"
210,"Psalms 140-141","Hebrews 6"
211,"Psalms 142-143","Hebrews 7"
212,"Psalms 144-145","Hebrews 8"
213,"Psalms 146-147","Hebrews 9"
214,"Psalms 148-149","Hebrews 10"
215,"Psalms 150 - Proverbs 1","Hebrews 11"
216,"Proverbs 2-3","Hebrews 12"
217,"Proverbs 4-5","Hebrews 13"
218,"Proverbs 6-7","James 1"
219,"Proverbs 8-9","James 2"
220,"Proverbs 10-11","James 3"
221,"Proverbs 12-13","James 4"
222,"Proverbs 14-15","James 5"
223,"Proverbs 16-17","1 Peter 1"
224,"Proverbs 18-19","1 Peter 2"
225,"Proverbs 20-21","1 Peter 3"
226,"Proverbs 22-23","1 Peter 4"
227,"Proverbs 24-25","1 Peter 5"
228,"Proverbs 26-27","2 Peter 1"
229,"Proverbs 28-29","2 Peter 2"
230,"Proverbs 30-31","2 Peter 3"
231,"Ecclesiastes 1-2","1 John 1"
232,"Ecclesiastes 3-4","1 John 2"
233,"Ecclesiastes 5-6","1 John 3"
234,"Ecclesiastes 7-8","1 John 4"
235,"Ecclesiastes 9-10","1 John 5"
236,"Ecclesiastes 11-12","2 John 1"
237,"Song of Solomon 1-2","3 John 1"
238,"Song of Solomon 3-4","Jude 1"
239,"Song of Solomon 5-6","Revelation 1"
240,"Song of Solomon 7-8","Revelation 2"
241,"Isaiah 1-2","Revelation 3"
242,"Isaiah 3-4","Revelation 4"
243,"Isaiah 5-6","Revelation 5"
244,"Isaiah 7-8","Revelation 6"
245,"Isaiah 9-10","Revelation 7"
246,"Isaiah 11-12","Revelation 8"
247,"Isaiah 13-14","Revelation 9"
248,"Isaiah 15-16","Revelation 10"
249,"Isaiah 17-18","Revelation 11"
250,"Isaiah 19-20","Revelation 12"
251,"Isaiah 21-22","Revelation 13"
252,"Isaiah 23-24","Revelation 14"
253,"Isaiah 25-26","Revelation 15"
254,"Isaiah 27-28","Revelation 16"
255,"Isaiah 29-30","Revelation 17"
256,"Isaiah 31-32","Revelation 18"
257,"Isaiah 33-34","Revelation 19"
258,"Isaiah 35-36","Revelation 20"
259,"Isaiah 37-38","Revelation 21"
260,"Isaiah 39-40","Revelation 22"
261,"Isaiah 41-42","Matthew 1"
262,"Isaiah 43-44","Matthew 2"
263,"Isaiah 45-46","Matthew 3"
264,"Isaiah 47-48","Matthew 4"
265,"Isaiah 49-50","Matthew 5"
266,"Isaiah 51-52","Matthew 6"
267,"Isaiah 53-54","Matthew 7"
268,"Isaiah 55-56","Matthew 8"
269,"Isaiah 57-58","Matthew 9"
270,"Isaiah 59-60","Matthew 10"
271,"Isaiah 61-62","Matthew 11"
272,"Isaiah 63-64","Matthew 12"
273,"Isaiah 65-66","Matthew 13"
274,"Jeremiah 1-2","Matthew 14"
275,"Jeremiah 3-4","Matthew 15"
276,"Jeremiah 5-6","Matthew 16"
277,"Jeremiah 7-8","Matthew 17"
278,"Jeremiah 9-10","Matthew 18"
279,"Jeremiah 11-12","Matthew 19"
280,"Jeremiah 13-14","Matthew 20"
281,"Jeremiah 15-16","Matthew 21"
282,"Jeremiah 17-18","Matthew 22"
283,"Jeremiah 19-20","Matthew 23"
284,"Jeremiah 21-22","Matthew 24"
285,"Jeremiah 23-24","Matthew 25"
286,"Jeremiah 25-26","Matthew 26"
287,"Jeremiah 27-28","Matthew 27"
288,"Jeremiah 29-30","Matthew 28"
289,"Jeremiah 31-32","Mark 1"
290,"Jeremiah 33-34","Mark 2"
291,"Jeremiah 35-36","Mark 3"
292,"Jeremiah 37-38","Mark 4"
293,"Jeremiah 39-40","Mark 5"
294,"Jeremiah 41-42","Mark 6"
295,"Jeremiah 43-44","Mark 7"
296,"Jeremiah 45-46","Mark 8"
297,"Jeremiah 47-48","Mark 9"
298,"Jeremiah 49-50","Mark 10"
299,"Jeremiah 51-52","Mark 11"
300,"Lamentations 1-2","Mark 12"
301,"Lamentations 3-4","Mark 13"
302,"Lamentations 5 - Ezekiel 1","Mark 14"
303,"Ezekiel 2-3","Mark 15"
304,"Ezekiel 4-5","Mark 16"
305,"Ezekiel 6-7","Luke 1"
306,"Ezekiel 8-9","Luke 2"
307,"Ezekiel 10-11","Luke 3"
308,"Ezekiel 12-13","Luke 4"
309,"Ezekiel 14-15","Luke 5"
310,"Ezekiel 16-17","Luke 6"
311,"Ezekiel 18-19","Luke 7"
312,"Ezekiel 20-21","Luke 8"
313,"Ezekiel 22-23","Luke 9"
314,"Ezekiel 24-25","Luke 10"
315,"Ezekiel 26-27","Luke 11"
316,"Ezekiel 28-29","Luke 12"
317,"Ezekiel 30-31","Luke 13"
318,"Ezekiel 32-33","Luke 14"
319,"Ezekiel 34-35","Luke 15"
320,"Ezekiel 36-37","Luke 16"
321,"Ezekiel 38-39","Luke 17"
322,"Ezekiel 40-41","Luke 18"
323,"Ezekiel 42-43","Luke 19"
324,"Ezekiel 44-45","Luke 20"
325,"Ezekiel 46-47","Luke 21"
326,"Ezekiel 48 - Daniel 1","Luke 22"
327,"Daniel 2-3","Luke 23"
328,"Daniel 4-5","Luke 24"
329,"Daniel 6-7","John 1"
330,"Daniel 8-9","John 2"
331,"Daniel 10-11","John 3"
332,"Daniel 12 - Hosea 1","John 4"
333,"Hosea 2-3","John 5"
334,"Hosea 4-5","John 6"
335,"Hosea 6-7","John 7"
336,"Hosea 8-9","John 8"
337,"Hosea 10-11","John 9"
338,"Hosea 12-13","John 10"
339,"Hosea 14 - Joel 1","John 11"
340,"Joel 2-3","John 12"
341,"Amos 1-2","John 13"
342,"Amos 3-4","John 14"
343,"Amos 5-6","John 15"
344,"Amos 7-8","John 16"
345,"Amos 9 - Obadiah 1","John 17"
346,"Jonah 1-2","John 18"
347,"Jonah 3-4","John 19"
348,"Micah 1-2","John 20"
349,"Micah 3-4","John 21"
350,"Micah 5-6","Acts 1"
351,"Micah 7 - Nahum 1","Acts 2"
352,"Nahum 2-3","Acts 3"
353,"Habakkuk 1-2","Acts 4"
354,"Habakkuk 3 - Zephaniah 1","Acts 5"
355,"Zephaniah 2-3","Acts 6"
356,"Haggai 1-2","Acts 7"
357,"Zechariah 1-2","Acts 8"
358,"Zechariah 3-4","Acts 9"
359,"Zechariah 5-6","Acts 10"
360,"Zechariah 7-8","Acts 11"
361,"Zechariah 9-10","Acts 12"
362,"Zechariah 11-12","Acts 13"
363,"Zechariah 13-14","Acts 14"
364,"Malachi 1-2","Acts 15"
365,"Malachi 3-4","Acts 16"
